{"RunningTime_Epoch/train_phase/train_stream/Task000": 0.0639904949736471, "_timestamp": 1707892036.7754424, "_runtime": 77.6627094745636, "_step": 300, "Top1_Acc_Epoch/train_phase/train_stream/Task000": 0.9839181286549707, "Time_Epoch/train_phase/train_stream/Task000": 0.5103012400213629, "TrainingExperience": 2, "Top1_Acc_Exp/eval_phase/test_stream/Task000/Exp000": 0.0598372320555012, "Top1_Acc_Stream/eval_phase/test_stream/Task000": 0.0598372320555012, "StreamForgetting/eval_phase/test_stream": 0.0012452192475317994, "ConfusionMatrix_Stream/eval_phase/test_stream": {"_type": "histogram", "values": [2325, 68, 38, 19, 12, 24, 10, 2, 1, 1], "bins": [0.0, 74.8, 149.6, 224.39999999999998, 299.2, 374.0, 448.79999999999995, 523.6, 598.4, 673.1999999999999, 748.0]}, "ExperienceForgetting/eval_phase/test_stream/Task000/Exp000": 0.0012452192475317994, "_wandb": {"runtime": 339}}