{"Top1_Acc_Exp/eval_phase/test_stream/Task000/Exp000": 0.466, "_timestamp": 1707893492.8878074, "Top1_Acc_Stream/eval_phase/test_stream/Task000": 0.313, "StreamForgetting/eval_phase/test_stream": 0.09699999999999992, "ConfusionMatrix_Stream/eval_phase/test_stream": {"_type": "histogram", "values": [9937, 32, 12, 4, 5, 4, 2, 3, 0, 1], "bins": [0.0, 8.5, 17.0, 25.5, 34.0, 42.5, 51.0, 59.5, 68.0, 76.5, 85.0]}, "RunningTime_Epoch/train_phase/train_stream/Task000": 0.03336342261172831, "_runtime": 46.268070459365845, "_step": 444, "Top1_Acc_Epoch/train_phase/train_stream/Task000": 0.2717, "Time_Epoch/train_phase/train_stream/Task000": 6.5967265570070595, "TrainingExperience": 0, "Top1_Acc_Exp/eval_phase/test_stream/Task000/Exp001": 0.16, "ExperienceForgetting/eval_phase/test_stream/Task000/Exp000": 0.09699999999999992, "_wandb": {"runtime": 46}}