{"Top1_Acc_Exp/eval_phase/test_stream/Task000/Exp000": 0.05083162856888731, "_timestamp": 1707893060.3896825, "Top1_Acc_Stream/eval_phase/test_stream/Task000": 0.05083162856888731, "StreamForgetting/eval_phase/test_stream": 0.0, "ConfusionMatrix_Stream/eval_phase/test_stream": {"_type": "histogram", "values": [2313, 68, 48, 46, 13, 5, 3, 2, 1, 1], "bins": [0.0, 78.8, 157.6, 236.39999999999998, 315.2, 394.0, 472.79999999999995, 551.6, 630.4, 709.1999999999999, 788.0]}, "RunningTime_Epoch/train_phase/train_stream/Task000": 0.01231007075693924, "_runtime": 90.85939764976501, "_step": 79, "Top1_Acc_Epoch/train_phase/train_stream/Task000": 0.7339113037679227, "Time_Epoch/train_phase/train_stream/Task000": 1.8580528880702332, "_wandb": {"runtime": 87}}