{"Top1_Acc_Exp/eval_phase/test_stream/Task000/Exp000": 0.007671440007115539, "_timestamp": 1707893664.326665, "Top1_Acc_Stream/eval_phase/test_stream/Task000": 0.007671440007115539, "StreamForgetting/eval_phase/test_stream": 0.0, "ConfusionMatrix_Stream/eval_phase/test_stream": {"_type": "histogram", "values": [2368, 28, 30, 17, 10, 12, 13, 15, 5, 2], "bins": [0.0, 78.1, 156.2, 234.29999999999998, 312.4, 390.5, 468.59999999999997, 546.6999999999999, 624.8, 702.9, 781.0]}, "RunningTime_Epoch/train_phase/train_stream/Task000": 0.003933787248873462, "_runtime": 93.3227310180664, "_step": 504, "Top1_Acc_Epoch/train_phase/train_stream/Task000": 0.9666555518506169, "Time_Epoch/train_phase/train_stream/Task000": 2.2729801550740376, "_wandb": {"runtime": 96}}