{"RunningTime_Epoch/train_phase/train_stream/Task000": 0.06446869535526882, "_timestamp": 1707891694.584361, "_runtime": 157.46535396575928, "_step": 360, "Top1_Acc_Epoch/train_phase/train_stream/Task000": 0.9049707602339181, "Time_Epoch/train_phase/train_stream/Task000": 0.5202941900352016, "TrainingExperience": 4, "Top1_Acc_Exp/eval_phase/test_stream/Task000/Exp000": 0.034532598061015746, "Top1_Acc_Stream/eval_phase/test_stream/Task000": 0.034532598061015746, "StreamForgetting/eval_phase/test_stream": 0.019145245930801386, "ConfusionMatrix_Stream/eval_phase/test_stream": {"_type": "histogram", "values": [2392, 49, 7, 3, 6, 19, 16, 4, 3, 1], "bins": [0.0, 89.9, 179.8, 269.70000000000005, 359.6, 449.5, 539.4000000000001, 629.3000000000001, 719.2, 809.1, 899.0]}, "ExperienceForgetting/eval_phase/test_stream/Task000/Exp000": 0.019145245930801386, "_wandb": {"runtime": 177}}