{"Top1_Acc_Exp/eval_phase/test_stream/Task000/Exp000": 0.26, "_timestamp": 1707896235.3226216, "Top1_Acc_Stream/eval_phase/test_stream/Task000": 0.445, "StreamForgetting/eval_phase/test_stream": 0.3464999999999999, "ConfusionMatrix_Stream/eval_phase/test_stream": {"_type": "histogram", "values": [9923, 45, 6, 6, 4, 9, 3, 0, 2, 2], "bins": [0.0, 9.0, 18.0, 27.0, 36.0, 45.0, 54.0, 63.0, 72.0, 81.0, 90.0]}, "RunningTime_Epoch/train_phase/train_stream/Task000": 0.004293789275106974, "_runtime": 2562.9574036598206, "_step": 24040, "Top1_Acc_Epoch/train_phase/train_stream/Task000": 0.9033, "Time_Epoch/train_phase/train_stream/Task000": 6.616581099922769, "TrainingExperience": 1, "Top1_Acc_Exp/eval_phase/test_stream/Task000/Exp001": 0.37, "ExperienceForgetting/eval_phase/test_stream/Task000/Exp000": 0.44999999999999996, "Top1_Acc_Exp/eval_phase/test_stream/Task000/Exp002": 0.626, "ExperienceForgetting/eval_phase/test_stream/Task000/Exp001": 0.32199999999999995, "_wandb": {"runtime": 2561}}