{"Top1_Acc_Exp/eval_phase/test_stream/Task000/Exp000": 0.050564795872987636, "_timestamp": 1707892888.4167016, "Top1_Acc_Stream/eval_phase/test_stream/Task000": 0.050564795872987636, "StreamForgetting/eval_phase/test_stream": 0.009072311660588812, "ConfusionMatrix_Stream/eval_phase/test_stream": {"_type": "histogram", "values": [2352, 40, 27, 30, 29, 13, 5, 0, 2, 2], "bins": [0.0, 85.7, 171.4, 257.1, 342.8, 428.5, 514.2, 599.9, 685.6, 771.3000000000001, 857.0]}, "RunningTime_Epoch/train_phase/train_stream/Task000": 0.05788499167344222, "_runtime": 541.9121544361115, "_step": 276, "Top1_Acc_Epoch/train_phase/train_stream/Task000": 0.922514619883041, "Time_Epoch/train_phase/train_stream/Task000": 0.44098601292353123, "TrainingExperience": 1, "ExperienceForgetting/eval_phase/test_stream/Task000/Exp000": 0.009072311660588812, "_wandb": {"runtime": 618}}