{"Top1_Acc_Exp/eval_phase/test_stream/Task000/Exp000": 0.06190518544872365, "_timestamp": 1707893403.133108, "Top1_Acc_Stream/eval_phase/test_stream/Task000": 0.06190518544872365, "StreamForgetting/eval_phase/test_stream": 0.0, "ConfusionMatrix_Stream/eval_phase/test_stream": {"_type": "histogram", "values": [2318, 62, 54, 31, 24, 4, 5, 0, 0, 2], "bins": [0.0, 76.7, 153.4, 230.10000000000002, 306.8, 383.5, 460.20000000000005, 536.9, 613.6, 690.3000000000001, 767.0]}, "RunningTime_Epoch/train_phase/train_stream/Task000": 0.007265532272867858, "_runtime": 81.90513801574707, "_step": 202, "Top1_Acc_Epoch/train_phase/train_stream/Task000": 0.9846615538512837, "Time_Epoch/train_phase/train_stream/Task000": 1.8431849529733881, "_wandb": {"runtime": 114}}