{"Top1_Acc_Exp/eval_phase/test_stream/Task000/Exp000": 0.05772480654629547, "_timestamp": 1707893161.0442743, "Top1_Acc_Stream/eval_phase/test_stream/Task000": 0.05772480654629547, "StreamForgetting/eval_phase/test_stream": 0.0, "ConfusionMatrix_Stream/eval_phase/test_stream": {"_type": "histogram", "values": [2314, 66, 40, 36, 28, 11, 2, 1, 0, 2], "bins": [0.0, 73.9, 147.8, 221.70000000000002, 295.6, 369.5, 443.40000000000003, 517.3000000000001, 591.2, 665.1, 739.0]}, "RunningTime_Epoch/train_phase/train_stream/Task000": 0.003681401833697843, "_runtime": 68.86482739448547, "_step": 72, "Top1_Acc_Epoch/train_phase/train_stream/Task000": 0.7675891963987996, "Time_Epoch/train_phase/train_stream/Task000": 1.8451070239534602, "_wandb": {"runtime": 192}}